<?xml version="1.0" encoding="UTF-8"?>
<project-private xmlns="http://www.netbeans.org/ns/project-private/1">
    <editor-bookmarks xmlns="http://www.netbeans.org/ns/editor-bookmarks/2" lastBookmarkId="0"/>
    <open-files xmlns="http://www.netbeans.org/ns/projectui-open-files/2">
        <group name="latihan">
            <file>file:/C:/Users/fiyan/netbeans/BelajarJSP/src/java/Query/ProductQuery.java</file>
            <file>file:/C:/Users/fiyan/netbeans/BelajarJSP/web/WEB-INF/web.xml</file>
            <file>file:/C:/Users/fiyan/netbeans/BelajarJSP/src/java/Model/ProductModel.java</file>
            <file>file:/C:/Users/fiyan/netbeans/BelajarJSP/web/views/layouts/navbar.jsp</file>
            <file>file:/C:/Users/fiyan/netbeans/BelajarJSP/web/views/layouts/head.jsp</file>
            <file>file:/C:/Users/fiyan/netbeans/BelajarJSP/src/java/Config/DBConnection.java</file>
            <file>file:/C:/Users/fiyan/netbeans/BelajarJSP/src/java/Servlet/IndexServlet.java</file>
            <file>file:/C:/Users/fiyan/netbeans/BelajarJSP/web/views/layouts/footer.jsp</file>
            <file>file:/C:/Users/fiyan/netbeans/BelajarJSP/src/java/Controller/BaseController.java</file>
            <file>file:/C:/Users/fiyan/netbeans/BelajarJSP/src/java/Servlet/AboutServlet.java</file>
            <file>file:/C:/Users/fiyan/netbeans/BelajarJSP/src/java/Controller/ProductController.java</file>
            <file>file:/C:/Users/fiyan/netbeans/BelajarJSP/web/views/index.jsp</file>
            <file>file:/C:/Users/fiyan/netbeans/BelajarJSP/web/views/about.jsp</file>
            <file>file:/C:/Users/fiyan/netbeans/BelajarJSP/web/views/layouts/scripts.jsp</file>
            <file>file:/C:/Users/fiyan/netbeans/BelajarJSP/web/index.html</file>
            <file>file:/C:/Users/fiyan/netbeans/BelajarJSP/web/public/assets/backend/main.css</file>
        </group>
    </open-files>
</project-private>
